{"island_feature_maps": [{"1": "8b88df25-0a37-4d28-9273-b260cc9bbcc1", "0": "014ebc2b-7d23-4897-9b4f-a58434c62d81"}], "islands": [["8b88df25-0a37-4d28-9273-b260cc9bbcc1", "014ebc2b-7d23-4897-9b4f-a58434c62d81"]], "archive": ["8b88df25-0a37-4d28-9273-b260cc9bbcc1", "014ebc2b-7d23-4897-9b4f-a58434c62d81"], "best_program_id": "8b88df25-0a37-4d28-9273-b260cc9bbcc1", "island_best_programs": ["8b88df25-0a37-4d28-9273-b260cc9bbcc1"], "last_iteration": 1, "current_island": 0, "island_generations": [1], "last_migration_generation": 0, "feature_stats": {"combined_score": {"min": -12000.0, "max": 980.210526, "values": [980.210526, -12000.0]}}}